record_id,edition,indicator_id,category,geo_level,region_id,region_name,sex,age_group,estimate,ci_low,ci_high,weighted_n,weighted_n_role,weighted_denominator_n,se,cv,precision_note,source_table,source_page,source_region_label,source_url,validation_status,se_band,design_df,variance_source,variance_note,ci_method,weighted_denominator_n_role
alcohol-ever:2016-2017:0:12-65:total,2016-2017,alc_alguna_vez,Consumo alguna vez en la vida,nacional,0,Nacional,total,12-65,71.0,70.3,71.7,60546231,Población estimada de la categoría: consumió alcohol alguna vez,85262057.8,0.3566,0.502,Sin advertencia de precisión en el cuadro; CV numérico no publicado.,2.2,50,Nacional,https://encuestas.insp.mx/repositorio/encuestas/ENCODAT2025/doctos/informes/251223_ENCODAT_completo.pdf#page=50,verified_source_and_weighted_point_estimate,"[0.3273, 0.3831]",No disponible,reconstructed_from_published_ci,"El archivo individual 2016-2017 solo trae el ponderador ponde_ss: sin estrato ni UPM no existe varianza por diseño para esta edición. El SE se reconstruye invirtiendo el IC publicado bajo el método logit-t identificado, con banda que propaga el redondeo y los grados de libertad.",logit-t publicado; SE reconstruido por inversión,"Población estimada del universo analítico: personas de 12 a 65 años en el ámbito, suma de ponderadores del microdato de la propia edición."
alcohol-ever:2025:0:12-65:total,2025,alc_alguna_vez,Consumo alguna vez en la vida,nacional,0,Nacional,total,12-65,73.7,72.7,74.7,68265422,Población estimada de la categoría: consumió alcohol alguna vez,92590179.5,0.4969,0.674,Sin advertencia de precisión en el cuadro; CV numérico no publicado.,2.2,50,Nacional,https://encuestas.insp.mx/repositorio/encuestas/ENCODAT2025/doctos/informes/251223_ENCODAT_completo.pdf#page=50,verified_source_and_weighted_point_estimate,No disponible,706,design,"Varianza por diseño calculada sobre el microdato 2025: ponderador ponde_f, estrato de varianza est_sel, UPM mi_upm, linealización de Taylor con conglomerado último.","logit-t, reproducido desde el microdato (desviacion maxima 0.049 pp en 30 celdas)","Población estimada del universo analítico: personas de 12 a 65 años en el ámbito, suma de ponderadores del microdato de la propia edición."
alcohol-ever:2016-2017:1:12-65:total,2016-2017,alc_alguna_vez,Consumo alguna vez en la vida,region,1,Península Norte,total,12-65,67.9,65.8,69.9,3412497,Población estimada de la categoría: consumió alcohol alguna vez,5028701.2,1.0444,1.538,Sin advertencia de precisión en el cuadro; CV numérico no publicado.,2.2,50,Península Norte,https://encuestas.insp.mx/repositorio/encuestas/ENCODAT2025/doctos/informes/251223_ENCODAT_completo.pdf#page=50,verified_source_and_weighted_point_estimate,"[1.0074, 1.0726]",No disponible,reconstructed_from_published_ci,"El archivo individual 2016-2017 solo trae el ponderador ponde_ss: sin estrato ni UPM no existe varianza por diseño para esta edición. El SE se reconstruye invirtiendo el IC publicado bajo el método logit-t identificado, con banda que propaga el redondeo y los grados de libertad.",logit-t publicado; SE reconstruido por inversión,"Población estimada del universo analítico: personas de 12 a 65 años en el ámbito, suma de ponderadores del microdato de la propia edición."
alcohol-ever:2025:1:12-65:total,2025,alc_alguna_vez,Consumo alguna vez en la vida,region,1,Península Norte,total,12-65,77.3,75.1,79.4,4522315,Población estimada de la categoría: consumió alcohol alguna vez,5848990.7,1.109,1.434,Sin advertencia de precisión en el cuadro; CV numérico no publicado.,2.2,50,Península Norte,https://encuestas.insp.mx/repositorio/encuestas/ENCODAT2025/doctos/informes/251223_ENCODAT_completo.pdf#page=50,verified_source_and_weighted_point_estimate,No disponible,706,design,"Varianza por diseño calculada sobre el microdato 2025: ponderador ponde_f, estrato de varianza est_sel, UPM mi_upm, linealización de Taylor con conglomerado último.","logit-t, reproducido desde el microdato (desviacion maxima 0.049 pp en 30 celdas)","Población estimada del universo analítico: personas de 12 a 65 años en el ámbito, suma de ponderadores del microdato de la propia edición."
alcohol-ever:2016-2017:2:12-65:total,2016-2017,alc_alguna_vez,Consumo alguna vez en la vida,region,2,Noroccidental,total,12-65,69.1,67.3,70.8,4081169,Población estimada de la categoría: consumió alcohol alguna vez,5909766.4,0.8913,1.29,Sin advertencia de precisión en el cuadro; CV numérico no publicado.,2.2,50,Noroccidental,https://encuestas.insp.mx/repositorio/encuestas/ENCODAT2025/doctos/informes/251223_ENCODAT_completo.pdf#page=50,verified_source_and_weighted_point_estimate,"[0.856, 0.9192]",No disponible,reconstructed_from_published_ci,"El archivo individual 2016-2017 solo trae el ponderador ponde_ss: sin estrato ni UPM no existe varianza por diseño para esta edición. El SE se reconstruye invirtiendo el IC publicado bajo el método logit-t identificado, con banda que propaga el redondeo y los grados de libertad.",logit-t publicado; SE reconstruido por inversión,"Población estimada del universo analítico: personas de 12 a 65 años en el ámbito, suma de ponderadores del microdato de la propia edición."
alcohol-ever:2025:2:12-65:total,2025,alc_alguna_vez,Consumo alguna vez en la vida,region,2,Noroccidental,total,12-65,74.5,71.9,76.9,3128698,Población estimada de la categoría: consumió alcohol alguna vez,4201713.3,1.2614,1.694,Sin advertencia de precisión en el cuadro; CV numérico no publicado.,2.2,50,Noroccidental,https://encuestas.insp.mx/repositorio/encuestas/ENCODAT2025/doctos/informes/251223_ENCODAT_completo.pdf#page=50,verified_source_and_weighted_point_estimate,No disponible,706,design,"Varianza por diseño calculada sobre el microdato 2025: ponderador ponde_f, estrato de varianza est_sel, UPM mi_upm, linealización de Taylor con conglomerado último.","logit-t, reproducido desde el microdato (desviacion maxima 0.049 pp en 30 celdas)","Población estimada del universo analítico: personas de 12 a 65 años en el ámbito, suma de ponderadores del microdato de la propia edición."
alcohol-ever:2016-2017:3:12-65:total,2016-2017,alc_alguna_vez,Consumo alguna vez en la vida,region,3,Norcentral,total,12-65,68.4,66.1,70.5,4041475,Población estimada de la categoría: consumió alcohol alguna vez,5910302.8,1.12,1.637,Sin advertencia de precisión en el cuadro; CV numérico no publicado.,2.2,50,Norcentral,https://encuestas.insp.mx/repositorio/encuestas/ENCODAT2025/doctos/informes/251223_ENCODAT_completo.pdf#page=50,verified_source_and_weighted_point_estimate,"[1.0822, 1.1485]",No disponible,reconstructed_from_published_ci,"El archivo individual 2016-2017 solo trae el ponderador ponde_ss: sin estrato ni UPM no existe varianza por diseño para esta edición. El SE se reconstruye invirtiendo el IC publicado bajo el método logit-t identificado, con banda que propaga el redondeo y los grados de libertad.",logit-t publicado; SE reconstruido por inversión,"Población estimada del universo analítico: personas de 12 a 65 años en el ámbito, suma de ponderadores del microdato de la propia edición."
alcohol-ever:2025:3:12-65:total,2025,alc_alguna_vez,Consumo alguna vez en la vida,region,3,Norcentral,total,12-65,71.9,69.2,74.6,4902410,Población estimada de la categoría: consumió alcohol alguna vez,6813906.3,1.3737,1.909,Sin advertencia de precisión en el cuadro; CV numérico no publicado.,2.2,50,Norcentral,https://encuestas.insp.mx/repositorio/encuestas/ENCODAT2025/doctos/informes/251223_ENCODAT_completo.pdf#page=50,verified_source_and_weighted_point_estimate,No disponible,706,design,"Varianza por diseño calculada sobre el microdato 2025: ponderador ponde_f, estrato de varianza est_sel, UPM mi_upm, linealización de Taylor con conglomerado último.","logit-t, reproducido desde el microdato (desviacion maxima 0.049 pp en 30 celdas)","Población estimada del universo analítico: personas de 12 a 65 años en el ámbito, suma de ponderadores del microdato de la propia edición."
alcohol-ever:2016-2017:4:12-65:total,2016-2017,alc_alguna_vez,Consumo alguna vez en la vida,region,4,Nororiental,total,12-65,64.3,61.6,66.8,2807776,Población estimada de la categoría: consumió alcohol alguna vez,4369844.4,1.3244,2.06,Sin advertencia de precisión en el cuadro; CV numérico no publicado.,2.2,50,Nororiental,https://encuestas.insp.mx/repositorio/encuestas/ENCODAT2025/doctos/informes/251223_ENCODAT_completo.pdf#page=50,verified_source_and_weighted_point_estimate,"[1.2845, 1.3531]",No disponible,reconstructed_from_published_ci,"El archivo individual 2016-2017 solo trae el ponderador ponde_ss: sin estrato ni UPM no existe varianza por diseño para esta edición. El SE se reconstruye invirtiendo el IC publicado bajo el método logit-t identificado, con banda que propaga el redondeo y los grados de libertad.",logit-t publicado; SE reconstruido por inversión,"Población estimada del universo analítico: personas de 12 a 65 años en el ámbito, suma de ponderadores del microdato de la propia edición."
alcohol-ever:2025:4:12-65:total,2025,alc_alguna_vez,Consumo alguna vez en la vida,region,4,Nororiental,total,12-65,70.6,68.0,73.1,3379125,Población estimada de la categoría: consumió alcohol alguna vez,4784785.6,1.29,1.827,Sin advertencia de precisión en el cuadro; CV numérico no publicado.,2.2,50,Nororiental,https://encuestas.insp.mx/repositorio/encuestas/ENCODAT2025/doctos/informes/251223_ENCODAT_completo.pdf#page=50,verified_source_and_weighted_point_estimate,No disponible,706,design,"Varianza por diseño calculada sobre el microdato 2025: ponderador ponde_f, estrato de varianza est_sel, UPM mi_upm, linealización de Taylor con conglomerado último.","logit-t, reproducido desde el microdato (desviacion maxima 0.049 pp en 30 celdas)","Población estimada del universo analítico: personas de 12 a 65 años en el ámbito, suma de ponderadores del microdato de la propia edición."
alcohol-ever:2016-2017:5:12-65:total,2016-2017,alc_alguna_vez,Consumo alguna vez en la vida,region,5,Occidental,total,12-65,78.0,76.4,79.6,7017013,Población estimada de la categoría: consumió alcohol alguna vez,8991995.5,0.8161,1.046,Sin advertencia de precisión en el cuadro; CV numérico no publicado.,2.2,50,Occidental,https://encuestas.insp.mx/repositorio/encuestas/ENCODAT2025/doctos/informes/251223_ENCODAT_completo.pdf#page=50,verified_source_and_weighted_point_estimate,"[0.781, 0.8445]",No disponible,reconstructed_from_published_ci,"El archivo individual 2016-2017 solo trae el ponderador ponde_ss: sin estrato ni UPM no existe varianza por diseño para esta edición. El SE se reconstruye invirtiendo el IC publicado bajo el método logit-t identificado, con banda que propaga el redondeo y los grados de libertad.",logit-t publicado; SE reconstruido por inversión,"Población estimada del universo analítico: personas de 12 a 65 años en el ámbito, suma de ponderadores del microdato de la propia edición."
alcohol-ever:2025:5:12-65:total,2025,alc_alguna_vez,Consumo alguna vez en la vida,region,5,Occidental,total,12-65,71.3,68.5,74.0,7090188,Población estimada de la categoría: consumió alcohol alguna vez,9943817.6,1.3891,1.948,Sin advertencia de precisión en el cuadro; CV numérico no publicado.,2.2,50,Occidental,https://encuestas.insp.mx/repositorio/encuestas/ENCODAT2025/doctos/informes/251223_ENCODAT_completo.pdf#page=50,verified_source_and_weighted_point_estimate,No disponible,706,design,"Varianza por diseño calculada sobre el microdato 2025: ponderador ponde_f, estrato de varianza est_sel, UPM mi_upm, linealización de Taylor con conglomerado último.","logit-t, reproducido desde el microdato (desviacion maxima 0.049 pp en 30 celdas)","Población estimada del universo analítico: personas de 12 a 65 años en el ámbito, suma de ponderadores del microdato de la propia edición."
alcohol-ever:2016-2017:6:12-65:total,2016-2017,alc_alguna_vez,Consumo alguna vez en la vida,region,6,Ciudad de México,total,12-65,76.6,73.3,79.7,5128068,Población estimada de la categoría: consumió alcohol alguna vez,6691208.6,1.6331,2.132,Sin advertencia de precisión en el cuadro; CV numérico no publicado.,2.2,50,Cd. de México,https://encuestas.insp.mx/repositorio/encuestas/ENCODAT2025/doctos/informes/251223_ENCODAT_completo.pdf#page=50,verified_source_and_weighted_point_estimate,"[1.5882, 1.6642]",No disponible,reconstructed_from_published_ci,"El archivo individual 2016-2017 solo trae el ponderador ponde_ss: sin estrato ni UPM no existe varianza por diseño para esta edición. El SE se reconstruye invirtiendo el IC publicado bajo el método logit-t identificado, con banda que propaga el redondeo y los grados de libertad.",logit-t publicado; SE reconstruido por inversión,"Población estimada del universo analítico: personas de 12 a 65 años en el ámbito, suma de ponderadores del microdato de la propia edición."
alcohol-ever:2025:6:12-65:total,2025,alc_alguna_vez,Consumo alguna vez en la vida,region,6,Ciudad de México,total,12-65,81.4,79.0,83.5,5932612,Población estimada de la categoría: consumió alcohol alguna vez,7292323.3,1.1417,1.403,Sin advertencia de precisión en el cuadro; CV numérico no publicado.,2.2,50,Cd. de México,https://encuestas.insp.mx/repositorio/encuestas/ENCODAT2025/doctos/informes/251223_ENCODAT_completo.pdf#page=50,verified_source_and_weighted_point_estimate,No disponible,706,design,"Varianza por diseño calculada sobre el microdato 2025: ponderador ponde_f, estrato de varianza est_sel, UPM mi_upm, linealización de Taylor con conglomerado último.","logit-t, reproducido desde el microdato (desviacion maxima 0.049 pp en 30 celdas)","Población estimada del universo analítico: personas de 12 a 65 años en el ámbito, suma de ponderadores del microdato de la propia edición."
alcohol-ever:2016-2017:7:12-65:total,2016-2017,alc_alguna_vez,Consumo alguna vez en la vida,region,7,Centro,total,12-65,72.8,71.0,74.5,18949639,Población estimada de la categoría: consumió alcohol alguna vez,26030315.7,0.8913,1.224,Sin advertencia de precisión en el cuadro; CV numérico no publicado.,2.2,50,Centro,https://encuestas.insp.mx/repositorio/encuestas/ENCODAT2025/doctos/informes/251223_ENCODAT_completo.pdf#page=50,verified_source_and_weighted_point_estimate,"[0.8557, 0.9194]",No disponible,reconstructed_from_published_ci,"El archivo individual 2016-2017 solo trae el ponderador ponde_ss: sin estrato ni UPM no existe varianza por diseño para esta edición. El SE se reconstruye invirtiendo el IC publicado bajo el método logit-t identificado, con banda que propaga el redondeo y los grados de libertad.",logit-t publicado; SE reconstruido por inversión,"Población estimada del universo analítico: personas de 12 a 65 años en el ámbito, suma de ponderadores del microdato de la propia edición."
alcohol-ever:2025:7:12-65:total,2025,alc_alguna_vez,Consumo alguna vez en la vida,region,7,Centro,total,12-65,79.1,76.9,81.1,23149769,Población estimada de la categoría: consumió alcohol alguna vez,29264056.0,1.0606,1.341,Sin advertencia de precisión en el cuadro; CV numérico no publicado.,2.2,50,Centro,https://encuestas.insp.mx/repositorio/encuestas/ENCODAT2025/doctos/informes/251223_ENCODAT_completo.pdf#page=50,verified_source_and_weighted_point_estimate,No disponible,706,design,"Varianza por diseño calculada sobre el microdato 2025: ponderador ponde_f, estrato de varianza est_sel, UPM mi_upm, linealización de Taylor con conglomerado último.","logit-t, reproducido desde el microdato (desviacion maxima 0.049 pp en 30 celdas)","Población estimada del universo analítico: personas de 12 a 65 años en el ámbito, suma de ponderadores del microdato de la propia edición."
alcohol-ever:2016-2017:8:12-65:total,2016-2017,alc_alguna_vez,Consumo alguna vez en la vida,region,8,Centro Sur,total,12-65,69.6,67.9,71.2,9726897,Población estimada de la categoría: consumió alcohol alguna vez,13982664.2,0.8403,1.207,Sin advertencia de precisión en el cuadro; CV numérico no publicado.,2.2,50,Centro Sur,https://encuestas.insp.mx/repositorio/encuestas/ENCODAT2025/doctos/informes/251223_ENCODAT_completo.pdf#page=50,verified_source_and_weighted_point_estimate,"[0.8055, 0.868]",No disponible,reconstructed_from_published_ci,"El archivo individual 2016-2017 solo trae el ponderador ponde_ss: sin estrato ni UPM no existe varianza por diseño para esta edición. El SE se reconstruye invirtiendo el IC publicado bajo el método logit-t identificado, con banda que propaga el redondeo y los grados de libertad.",logit-t publicado; SE reconstruido por inversión,"Población estimada del universo analítico: personas de 12 a 65 años en el ámbito, suma de ponderadores del microdato de la propia edición."
alcohol-ever:2025:8:12-65:total,2025,alc_alguna_vez,Consumo alguna vez en la vida,region,8,Centro Sur,total,12-65,68.8,66.2,71.2,10270161,Población estimada de la categoría: consumió alcohol alguna vez,14931760.9,1.281,1.862,Sin advertencia de precisión en el cuadro; CV numérico no publicado.,2.2,50,Centro Sur,https://encuestas.insp.mx/repositorio/encuestas/ENCODAT2025/doctos/informes/251223_ENCODAT_completo.pdf#page=50,verified_source_and_weighted_point_estimate,No disponible,706,design,"Varianza por diseño calculada sobre el microdato 2025: ponderador ponde_f, estrato de varianza est_sel, UPM mi_upm, linealización de Taylor con conglomerado último.","logit-t, reproducido desde el microdato (desviacion maxima 0.049 pp en 30 celdas)","Población estimada del universo analítico: personas de 12 a 65 años en el ámbito, suma de ponderadores del microdato de la propia edición."
alcohol-ever:2016-2017:9:12-65:total,2016-2017,alc_alguna_vez,Consumo alguna vez en la vida,region,9,Sur,total,12-65,64.5,62.6,66.3,5381697,Población estimada de la categoría: consumió alcohol alguna vez,8347258.9,0.9423,1.461,Sin advertencia de precisión en el cuadro; CV numérico no publicado.,2.2,50,Sur,https://encuestas.insp.mx/repositorio/encuestas/ENCODAT2025/doctos/informes/251223_ENCODAT_completo.pdf#page=50,verified_source_and_weighted_point_estimate,"[0.9067, 0.9701]",No disponible,reconstructed_from_published_ci,"El archivo individual 2016-2017 solo trae el ponderador ponde_ss: sin estrato ni UPM no existe varianza por diseño para esta edición. El SE se reconstruye invirtiendo el IC publicado bajo el método logit-t identificado, con banda que propaga el redondeo y los grados de libertad.",logit-t publicado; SE reconstruido por inversión,"Población estimada del universo analítico: personas de 12 a 65 años en el ámbito, suma de ponderadores del microdato de la propia edición."
alcohol-ever:2025:9:12-65:total,2025,alc_alguna_vez,Consumo alguna vez en la vida,region,9,Sur,total,12-65,61.9,58.6,65.2,5890146,Población estimada de la categoría: consumió alcohol alguna vez,9508825.9,1.6796,2.712,Sin advertencia de precisión en el cuadro; CV numérico no publicado.,2.2,50,Sur,https://encuestas.insp.mx/repositorio/encuestas/ENCODAT2025/doctos/informes/251223_ENCODAT_completo.pdf#page=50,verified_source_and_weighted_point_estimate,No disponible,706,design,"Varianza por diseño calculada sobre el microdato 2025: ponderador ponde_f, estrato de varianza est_sel, UPM mi_upm, linealización de Taylor con conglomerado último.","logit-t, reproducido desde el microdato (desviacion maxima 0.049 pp en 30 celdas)","Población estimada del universo analítico: personas de 12 a 65 años en el ámbito, suma de ponderadores del microdato de la propia edición."
alcohol-ever:2016-2017:0:12-17:total,2016-2017,alc_alguna_vez,Consumo alguna vez en la vida,nacional,0,Nacional,total,12-17,39.8,38.3,41.3,5708288,Población estimada de la categoría: consumió alcohol alguna vez,14335079.1,0.7643,1.92,Sin advertencia de precisión en el cuadro; CV numérico no publicado.,2.6,54,Nacional,https://encuestas.insp.mx/repositorio/encuestas/ENCODAT2025/doctos/informes/251223_ENCODAT_completo.pdf#page=54,verified_source_and_weighted_point_estimate,"[0.7308, 0.7915]",No disponible,reconstructed_from_published_ci,"El archivo individual 2016-2017 solo trae el ponderador ponde_ss: sin estrato ni UPM no existe varianza por diseño para esta edición. El SE se reconstruye invirtiendo el IC publicado bajo el método logit-t identificado, con banda que propaga el redondeo y los grados de libertad.",logit-t publicado; SE reconstruido por inversión,"Población estimada del universo analítico: personas de 12 a 17 años en el ámbito, suma de ponderadores del microdato de la propia edición."
alcohol-ever:2025:0:12-17:total,2025,alc_alguna_vez,Consumo alguna vez en la vida,nacional,0,Nacional,total,12-17,33.9,31.4,36.4,4471010,Población estimada de la categoría: consumió alcohol alguna vez,13205179.5,1.2926,3.818,Sin advertencia de precisión en el cuadro; CV numérico no publicado.,2.6,54,Nacional,https://encuestas.insp.mx/repositorio/encuestas/ENCODAT2025/doctos/informes/251223_ENCODAT_completo.pdf#page=54,verified_source_and_weighted_point_estimate,No disponible,706,design,"Varianza por diseño calculada sobre el microdato 2025: ponderador ponde_f, estrato de varianza est_sel, UPM mi_upm, linealización de Taylor con conglomerado último.","logit-t, reproducido desde el microdato (desviacion maxima 0.049 pp en 30 celdas)","Población estimada del universo analítico: personas de 12 a 17 años en el ámbito, suma de ponderadores del microdato de la propia edición."
alcohol-ever:2016-2017:1:12-17:total,2016-2017,alc_alguna_vez,Consumo alguna vez en la vida,region,1,Península Norte,total,12-17,30.3,26.4,34.6,241478,Población estimada de la categoría: consumió alcohol alguna vez,796299.4,2.0901,6.898,Sin advertencia de precisión en el cuadro; CV numérico no publicado.,2.6,54,Península Norte,https://encuestas.insp.mx/repositorio/encuestas/ENCODAT2025/doctos/informes/251223_ENCODAT_completo.pdf#page=54,verified_source_and_weighted_point_estimate,"[2.041, 2.1214]",No disponible,reconstructed_from_published_ci,"El archivo individual 2016-2017 solo trae el ponderador ponde_ss: sin estrato ni UPM no existe varianza por diseño para esta edición. El SE se reconstruye invirtiendo el IC publicado bajo el método logit-t identificado, con banda que propaga el redondeo y los grados de libertad.",logit-t publicado; SE reconstruido por inversión,"Población estimada del universo analítico: personas de 12 a 17 años en el ámbito, suma de ponderadores del microdato de la propia edición."
alcohol-ever:2025:1:12-17:total,2025,alc_alguna_vez,Consumo alguna vez en la vida,region,1,Península Norte,total,12-17,30.4,25.5,35.7,238542,Población estimada de la categoría: consumió alcohol alguna vez,785772.0,2.6059,8.584,Sin advertencia de precisión en el cuadro; CV numérico no publicado.,2.6,54,Península Norte,https://encuestas.insp.mx/repositorio/encuestas/ENCODAT2025/doctos/informes/251223_ENCODAT_completo.pdf#page=54,verified_source_and_weighted_point_estimate,No disponible,706,design,"Varianza por diseño calculada sobre el microdato 2025: ponderador ponde_f, estrato de varianza est_sel, UPM mi_upm, linealización de Taylor con conglomerado último.","logit-t, reproducido desde el microdato (desviacion maxima 0.049 pp en 30 celdas)","Población estimada del universo analítico: personas de 12 a 17 años en el ámbito, suma de ponderadores del microdato de la propia edición."
alcohol-ever:2016-2017:2:12-17:total,2016-2017,alc_alguna_vez,Consumo alguna vez en la vida,region,2,Noroccidental,total,12-17,36.6,33.2,40.2,366564,Población estimada de la categoría: consumió alcohol alguna vez,1000934.2,1.7847,4.876,Sin advertencia de precisión en el cuadro; CV numérico no publicado.,2.6,54,Noroccidental,https://encuestas.insp.mx/repositorio/encuestas/ENCODAT2025/doctos/informes/251223_ENCODAT_completo.pdf#page=54,verified_source_and_weighted_point_estimate,"[1.7398, 1.8145]",No disponible,reconstructed_from_published_ci,"El archivo individual 2016-2017 solo trae el ponderador ponde_ss: sin estrato ni UPM no existe varianza por diseño para esta edición. El SE se reconstruye invirtiendo el IC publicado bajo el método logit-t identificado, con banda que propaga el redondeo y los grados de libertad.",logit-t publicado; SE reconstruido por inversión,"Población estimada del universo analítico: personas de 12 a 17 años en el ámbito, suma de ponderadores del microdato de la propia edición."
alcohol-ever:2025:2:12-17:total,2025,alc_alguna_vez,Consumo alguna vez en la vida,region,2,Noroccidental,total,12-17,33.4,28.7,38.5,206492,Población estimada de la categoría: consumió alcohol alguna vez,617554.9,2.4939,7.458,Sin advertencia de precisión en el cuadro; CV numérico no publicado.,2.6,54,Noroccidental,https://encuestas.insp.mx/repositorio/encuestas/ENCODAT2025/doctos/informes/251223_ENCODAT_completo.pdf#page=54,verified_source_and_weighted_point_estimate,No disponible,706,design,"Varianza por diseño calculada sobre el microdato 2025: ponderador ponde_f, estrato de varianza est_sel, UPM mi_upm, linealización de Taylor con conglomerado último.","logit-t, reproducido desde el microdato (desviacion maxima 0.049 pp en 30 celdas)","Población estimada del universo analítico: personas de 12 a 17 años en el ámbito, suma de ponderadores del microdato de la propia edición."
alcohol-ever:2016-2017:3:12-17:total,2016-2017,alc_alguna_vez,Consumo alguna vez en la vida,region,3,Norcentral,total,12-17,34.0,30.0,38.2,308737,Población estimada de la categoría: consumió alcohol alguna vez,908413.3,2.0929,6.156,Sin advertencia de precisión en el cuadro; CV numérico no publicado.,2.6,54,Norcentral,https://encuestas.insp.mx/repositorio/encuestas/ENCODAT2025/doctos/informes/251223_ENCODAT_completo.pdf#page=54,verified_source_and_weighted_point_estimate,"[2.0442, 2.1238]",No disponible,reconstructed_from_published_ci,"El archivo individual 2016-2017 solo trae el ponderador ponde_ss: sin estrato ni UPM no existe varianza por diseño para esta edición. El SE se reconstruye invirtiendo el IC publicado bajo el método logit-t identificado, con banda que propaga el redondeo y los grados de libertad.",logit-t publicado; SE reconstruido por inversión,"Población estimada del universo analítico: personas de 12 a 17 años en el ámbito, suma de ponderadores del microdato de la propia edición."
alcohol-ever:2025:3:12-17:total,2025,alc_alguna_vez,Consumo alguna vez en la vida,region,3,Norcentral,total,12-17,20.2,15.8,25.5,182005,Población estimada de la categoría: consumió alcohol alguna vez,900444.7,2.453,12.136,Sin advertencia de precisión en el cuadro; CV numérico no publicado.,2.6,54,Norcentral,https://encuestas.insp.mx/repositorio/encuestas/ENCODAT2025/doctos/informes/251223_ENCODAT_completo.pdf#page=54,verified_source_and_weighted_point_estimate,No disponible,706,design,"Varianza por diseño calculada sobre el microdato 2025: ponderador ponde_f, estrato de varianza est_sel, UPM mi_upm, linealización de Taylor con conglomerado último.","logit-t, reproducido desde el microdato (desviacion maxima 0.049 pp en 30 celdas)","Población estimada del universo analítico: personas de 12 a 17 años en el ámbito, suma de ponderadores del microdato de la propia edición."
alcohol-ever:2016-2017:4:12-17:total,2016-2017,alc_alguna_vez,Consumo alguna vez en la vida,region,4,Nororiental,total,12-17,33.3,28.9,38.1,245867,Población estimada de la categoría: consumió alcohol alguna vez,737267.5,2.3471,7.048,Sin advertencia de precisión en el cuadro; CV numérico no publicado.,2.6,54,Nororiental,https://encuestas.insp.mx/repositorio/encuestas/ENCODAT2025/doctos/informes/251223_ENCODAT_completo.pdf#page=54,verified_source_and_weighted_point_estimate,"[2.2955, 2.3787]",No disponible,reconstructed_from_published_ci,"El archivo individual 2016-2017 solo trae el ponderador ponde_ss: sin estrato ni UPM no existe varianza por diseño para esta edición. El SE se reconstruye invirtiendo el IC publicado bajo el método logit-t identificado, con banda que propaga el redondeo y los grados de libertad.",logit-t publicado; SE reconstruido por inversión,"Población estimada del universo analítico: personas de 12 a 17 años en el ámbito, suma de ponderadores del microdato de la propia edición."
alcohol-ever:2025:4:12-17:total,2025,alc_alguna_vez,Consumo alguna vez en la vida,region,4,Nororiental,total,12-17,31.3,26.5,36.6,218477,Población estimada de la categoría: consumió alcohol alguna vez,697818.0,2.5872,8.263,Sin advertencia de precisión en el cuadro; CV numérico no publicado.,2.6,54,Nororiental,https://encuestas.insp.mx/repositorio/encuestas/ENCODAT2025/doctos/informes/251223_ENCODAT_completo.pdf#page=54,verified_source_and_weighted_point_estimate,No disponible,706,design,"Varianza por diseño calculada sobre el microdato 2025: ponderador ponde_f, estrato de varianza est_sel, UPM mi_upm, linealización de Taylor con conglomerado último.","logit-t, reproducido desde el microdato (desviacion maxima 0.049 pp en 30 celdas)","Población estimada del universo analítico: personas de 12 a 17 años en el ámbito, suma de ponderadores del microdato de la propia edición."
alcohol-ever:2016-2017:5:12-17:total,2016-2017,alc_alguna_vez,Consumo alguna vez en la vida,region,5,Occidental,total,12-17,53.0,48.2,57.7,806061,Población estimada de la categoría: consumió alcohol alguna vez,1521605.9,2.4265,4.578,Sin advertencia de precisión en el cuadro; CV numérico no publicado.,2.6,54,Occidental,https://encuestas.insp.mx/repositorio/encuestas/ENCODAT2025/doctos/informes/251223_ENCODAT_completo.pdf#page=54,verified_source_and_weighted_point_estimate,"[2.3756, 2.4567]",No disponible,reconstructed_from_published_ci,"El archivo individual 2016-2017 solo trae el ponderador ponde_ss: sin estrato ni UPM no existe varianza por diseño para esta edición. El SE se reconstruye invirtiendo el IC publicado bajo el método logit-t identificado, con banda que propaga el redondeo y los grados de libertad.",logit-t publicado; SE reconstruido por inversión,"Población estimada del universo analítico: personas de 12 a 17 años en el ámbito, suma de ponderadores del microdato de la propia edición."
alcohol-ever:2025:5:12-17:total,2025,alc_alguna_vez,Consumo alguna vez en la vida,region,5,Occidental,total,12-17,32.0,25.7,39.1,462734,Población estimada de la categoría: consumió alcohol alguna vez,1445026.9,3.4327,10.72,Sin advertencia de precisión en el cuadro; CV numérico no publicado.,2.6,54,Occidental,https://encuestas.insp.mx/repositorio/encuestas/ENCODAT2025/doctos/informes/251223_ENCODAT_completo.pdf#page=54,verified_source_and_weighted_point_estimate,No disponible,706,design,"Varianza por diseño calculada sobre el microdato 2025: ponderador ponde_f, estrato de varianza est_sel, UPM mi_upm, linealización de Taylor con conglomerado último.","logit-t, reproducido desde el microdato (desviacion maxima 0.049 pp en 30 celdas)","Población estimada del universo analítico: personas de 12 a 17 años en el ámbito, suma de ponderadores del microdato de la propia edición."
alcohol-ever:2016-2017:6:12-17:total,2016-2017,alc_alguna_vez,Consumo alguna vez en la vida,region,6,Ciudad de México,total,12-17,47.5,39.7,55.4,402708,Población estimada de la categoría: consumió alcohol alguna vez,847652.2,4.0317,8.488,Sin advertencia de precisión en el cuadro; CV numérico no publicado.,2.6,54,Cd. de México,https://encuestas.insp.mx/repositorio/encuestas/ENCODAT2025/doctos/informes/251223_ENCODAT_completo.pdf#page=54,verified_source_and_weighted_point_estimate,"[3.9635, 4.0652]",No disponible,reconstructed_from_published_ci,"El archivo individual 2016-2017 solo trae el ponderador ponde_ss: sin estrato ni UPM no existe varianza por diseño para esta edición. El SE se reconstruye invirtiendo el IC publicado bajo el método logit-t identificado, con banda que propaga el redondeo y los grados de libertad.",logit-t publicado; SE reconstruido por inversión,"Población estimada del universo analítico: personas de 12 a 17 años en el ámbito, suma de ponderadores del microdato de la propia edición."
alcohol-ever:2025:6:12-17:total,2025,alc_alguna_vez,Consumo alguna vez en la vida,region,6,Ciudad de México,total,12-17,45.3,38.9,52.0,348178,Población estimada de la categoría: consumió alcohol alguna vez,768131.3,3.3524,7.396,Sin advertencia de precisión en el cuadro; CV numérico no publicado.,2.6,54,Cd. de México,https://encuestas.insp.mx/repositorio/encuestas/ENCODAT2025/doctos/informes/251223_ENCODAT_completo.pdf#page=54,verified_source_and_weighted_point_estimate,No disponible,706,design,"Varianza por diseño calculada sobre el microdato 2025: ponderador ponde_f, estrato de varianza est_sel, UPM mi_upm, linealización de Taylor con conglomerado último.","logit-t, reproducido desde el microdato (desviacion maxima 0.049 pp en 30 celdas)","Población estimada del universo analítico: personas de 12 a 17 años en el ámbito, suma de ponderadores del microdato de la propia edición."
alcohol-ever:2016-2017:7:12-17:total,2016-2017,alc_alguna_vez,Consumo alguna vez en la vida,region,7,Centro,total,12-17,44.1,40.9,47.4,1955821,Población estimada de la categoría: consumió alcohol alguna vez,4432874.1,1.6575,3.759,Sin advertencia de precisión en el cuadro; CV numérico no publicado.,2.6,54,Centro,https://encuestas.insp.mx/repositorio/encuestas/ENCODAT2025/doctos/informes/251223_ENCODAT_completo.pdf#page=54,verified_source_and_weighted_point_estimate,"[1.6145, 1.6863]",No disponible,reconstructed_from_published_ci,"El archivo individual 2016-2017 solo trae el ponderador ponde_ss: sin estrato ni UPM no existe varianza por diseño para esta edición. El SE se reconstruye invirtiendo el IC publicado bajo el método logit-t identificado, con banda que propaga el redondeo y los grados de libertad.",logit-t publicado; SE reconstruido por inversión,"Población estimada del universo analítico: personas de 12 a 17 años en el ámbito, suma de ponderadores del microdato de la propia edición."
alcohol-ever:2025:7:12-17:total,2025,alc_alguna_vez,Consumo alguna vez en la vida,region,7,Centro,total,12-17,40.6,34.5,47.0,1727021,Población estimada de la categoría: consumió alcohol alguna vez,4251526.2,3.2043,7.888,Sin advertencia de precisión en el cuadro; CV numérico no publicado.,2.6,54,Centro,https://encuestas.insp.mx/repositorio/encuestas/ENCODAT2025/doctos/informes/251223_ENCODAT_completo.pdf#page=54,verified_source_and_weighted_point_estimate,No disponible,706,design,"Varianza por diseño calculada sobre el microdato 2025: ponderador ponde_f, estrato de varianza est_sel, UPM mi_upm, linealización de Taylor con conglomerado último.","logit-t, reproducido desde el microdato (desviacion maxima 0.049 pp en 30 celdas)","Población estimada del universo analítico: personas de 12 a 17 años en el ámbito, suma de ponderadores del microdato de la propia edición."
alcohol-ever:2016-2017:8:12-17:total,2016-2017,alc_alguna_vez,Consumo alguna vez en la vida,region,8,Centro Sur,total,12-17,36.7,33.5,40.0,948066,Población estimada de la categoría: consumió alcohol alguna vez,2585451.4,1.6577,4.517,Sin advertencia de precisión en el cuadro; CV numérico no publicado.,2.6,54,Centro-Sur,https://encuestas.insp.mx/repositorio/encuestas/ENCODAT2025/doctos/informes/251223_ENCODAT_completo.pdf#page=54,verified_source_and_weighted_point_estimate,"[1.6142, 1.6871]",No disponible,reconstructed_from_published_ci,"El archivo individual 2016-2017 solo trae el ponderador ponde_ss: sin estrato ni UPM no existe varianza por diseño para esta edición. El SE se reconstruye invirtiendo el IC publicado bajo el método logit-t identificado, con banda que propaga el redondeo y los grados de libertad.",logit-t publicado; SE reconstruido por inversión,"Población estimada del universo analítico: personas de 12 a 17 años en el ámbito, suma de ponderadores del microdato de la propia edición."
alcohol-ever:2025:8:12-17:total,2025,alc_alguna_vez,Consumo alguna vez en la vida,region,8,Centro Sur,total,12-17,34.2,29.1,39.6,778278,Población estimada de la categoría: consumió alcohol alguna vez,2278195.3,2.6882,7.869,Sin advertencia de precisión en el cuadro; CV numérico no publicado.,2.6,54,Centro-Sur,https://encuestas.insp.mx/repositorio/encuestas/ENCODAT2025/doctos/informes/251223_ENCODAT_completo.pdf#page=54,verified_source_and_weighted_point_estimate,No disponible,706,design,"Varianza por diseño calculada sobre el microdato 2025: ponderador ponde_f, estrato de varianza est_sel, UPM mi_upm, linealización de Taylor con conglomerado último.","logit-t, reproducido desde el microdato (desviacion maxima 0.049 pp en 30 celdas)","Población estimada del universo analítico: personas de 12 a 17 años en el ámbito, suma de ponderadores del microdato de la propia edición."
alcohol-ever:2016-2017:9:12-17:total,2016-2017,alc_alguna_vez,Consumo alguna vez en la vida,region,9,Sur,total,12-17,28.8,25.9,31.9,432986,Población estimada de la categoría: consumió alcohol alguna vez,1504581.1,1.5291,5.309,Sin advertencia de precisión en el cuadro; CV numérico no publicado.,2.6,54,Sur,https://encuestas.insp.mx/repositorio/encuestas/ENCODAT2025/doctos/informes/251223_ENCODAT_completo.pdf#page=54,verified_source_and_weighted_point_estimate,"[1.4862, 1.559]",No disponible,reconstructed_from_published_ci,"El archivo individual 2016-2017 solo trae el ponderador ponde_ss: sin estrato ni UPM no existe varianza por diseño para esta edición. El SE se reconstruye invirtiendo el IC publicado bajo el método logit-t identificado, con banda que propaga el redondeo y los grados de libertad.",logit-t publicado; SE reconstruido por inversión,"Población estimada del universo analítico: personas de 12 a 17 años en el ámbito, suma de ponderadores del microdato de la propia edición."
alcohol-ever:2025:9:12-17:total,2025,alc_alguna_vez,Consumo alguna vez en la vida,region,9,Sur,total,12-17,21.2,16.7,26.4,309284,Población estimada de la categoría: consumió alcohol alguna vez,1460710.3,2.473,11.68,Sin advertencia de precisión en el cuadro; CV numérico no publicado.,2.6,54,Sur,https://encuestas.insp.mx/repositorio/encuestas/ENCODAT2025/doctos/informes/251223_ENCODAT_completo.pdf#page=54,verified_source_and_weighted_point_estimate,No disponible,706,design,"Varianza por diseño calculada sobre el microdato 2025: ponderador ponde_f, estrato de varianza est_sel, UPM mi_upm, linealización de Taylor con conglomerado último.","logit-t, reproducido desde el microdato (desviacion maxima 0.049 pp en 30 celdas)","Población estimada del universo analítico: personas de 12 a 17 años en el ámbito, suma de ponderadores del microdato de la propia edición."
alcohol-ever:2016-2017:0:18-65:total,2016-2017,alc_alguna_vez,Consumo alguna vez en la vida,nacional,0,Nacional,total,18-65,77.3,76.5,78.1,54837943,Población estimada de la categoría: consumió alcohol alguna vez,70926978.7,0.4076,0.527,Sin advertencia de precisión en el cuadro; CV numérico no publicado.,2.9,57,Nacional,https://encuestas.insp.mx/repositorio/encuestas/ENCODAT2025/doctos/informes/251223_ENCODAT_completo.pdf#page=57,verified_source_and_weighted_point_estimate,"[0.3775, 0.4345]",No disponible,reconstructed_from_published_ci,"El archivo individual 2016-2017 solo trae el ponderador ponde_ss: sin estrato ni UPM no existe varianza por diseño para esta edición. El SE se reconstruye invirtiendo el IC publicado bajo el método logit-t identificado, con banda que propaga el redondeo y los grados de libertad.",logit-t publicado; SE reconstruido por inversión,"Población estimada del universo analítico: personas de 18 a 65 años en el ámbito, suma de ponderadores del microdato de la propia edición."
alcohol-ever:2025:0:18-65:total,2025,alc_alguna_vez,Consumo alguna vez en la vida,nacional,0,Nacional,total,18-65,80.4,79.3,81.3,63794412,Población estimada de la categoría: consumió alcohol alguna vez,79385000.0,0.5121,0.637,Sin advertencia de precisión en el cuadro; CV numérico no publicado.,2.9,57,Nacional,https://encuestas.insp.mx/repositorio/encuestas/ENCODAT2025/doctos/informes/251223_ENCODAT_completo.pdf#page=57,verified_source_and_weighted_point_estimate,No disponible,706,design,"Varianza por diseño calculada sobre el microdato 2025: ponderador ponde_f, estrato de varianza est_sel, UPM mi_upm, linealización de Taylor con conglomerado último.","logit-t, reproducido desde el microdato (desviacion maxima 0.049 pp en 30 celdas)","Población estimada del universo analítico: personas de 18 a 65 años en el ámbito, suma de ponderadores del microdato de la propia edición."
alcohol-ever:2016-2017:1:18-65:total,2016-2017,alc_alguna_vez,Consumo alguna vez en la vida,region,1,Península Norte,total,18-65,74.9,72.9,76.8,3171019,Población estimada de la categoría: consumió alcohol alguna vez,4232401.7,0.9934,1.326,Sin advertencia de precisión en el cuadro; CV numérico no publicado.,2.9,57,Península Norte,https://encuestas.insp.mx/repositorio/encuestas/ENCODAT2025/doctos/informes/251223_ENCODAT_completo.pdf#page=57,verified_source_and_weighted_point_estimate,"[0.9566, 1.0221]",No disponible,reconstructed_from_published_ci,"El archivo individual 2016-2017 solo trae el ponderador ponde_ss: sin estrato ni UPM no existe varianza por diseño para esta edición. El SE se reconstruye invirtiendo el IC publicado bajo el método logit-t identificado, con banda que propaga el redondeo y los grados de libertad.",logit-t publicado; SE reconstruido por inversión,"Población estimada del universo analítico: personas de 18 a 65 años en el ámbito, suma de ponderadores del microdato de la propia edición."
alcohol-ever:2025:1:18-65:total,2025,alc_alguna_vez,Consumo alguna vez en la vida,region,1,Península Norte,total,18-65,84.6,82.4,86.5,4283773,Población estimada de la categoría: consumió alcohol alguna vez,5063218.7,1.0431,1.233,Sin advertencia de precisión en el cuadro; CV numérico no publicado.,2.9,57,Península Norte,https://encuestas.insp.mx/repositorio/encuestas/ENCODAT2025/doctos/informes/251223_ENCODAT_completo.pdf#page=57,verified_source_and_weighted_point_estimate,No disponible,706,design,"Varianza por diseño calculada sobre el microdato 2025: ponderador ponde_f, estrato de varianza est_sel, UPM mi_upm, linealización de Taylor con conglomerado último.","logit-t, reproducido desde el microdato (desviacion maxima 0.049 pp en 30 celdas)","Población estimada del universo analítico: personas de 18 a 65 años en el ámbito, suma de ponderadores del microdato de la propia edición."
alcohol-ever:2016-2017:2:18-65:total,2016-2017,alc_alguna_vez,Consumo alguna vez en la vida,region,2,Noroccidental,total,18-65,75.7,73.7,77.5,3714604,Población estimada de la categoría: consumió alcohol alguna vez,4908832.1,0.9666,1.277,Sin advertencia de precisión en el cuadro; CV numérico no publicado.,2.9,57,Noroccidental,https://encuestas.insp.mx/repositorio/encuestas/ENCODAT2025/doctos/informes/251223_ENCODAT_completo.pdf#page=57,verified_source_and_weighted_point_estimate,"[0.93, 0.9952]",No disponible,reconstructed_from_published_ci,"El archivo individual 2016-2017 solo trae el ponderador ponde_ss: sin estrato ni UPM no existe varianza por diseño para esta edición. El SE se reconstruye invirtiendo el IC publicado bajo el método logit-t identificado, con banda que propaga el redondeo y los grados de libertad.",logit-t publicado; SE reconstruido por inversión,"Población estimada del universo analítico: personas de 18 a 65 años en el ámbito, suma de ponderadores del microdato de la propia edición."
alcohol-ever:2025:2:18-65:total,2025,alc_alguna_vez,Consumo alguna vez en la vida,region,2,Noroccidental,total,18-65,81.5,79.0,83.8,2922205,Población estimada de la categoría: consumió alcohol alguna vez,3584158.4,1.2076,1.481,Sin advertencia de precisión en el cuadro; CV numérico no publicado.,2.9,57,Noroccidental,https://encuestas.insp.mx/repositorio/encuestas/ENCODAT2025/doctos/informes/251223_ENCODAT_completo.pdf#page=57,verified_source_and_weighted_point_estimate,No disponible,706,design,"Varianza por diseño calculada sobre el microdato 2025: ponderador ponde_f, estrato de varianza est_sel, UPM mi_upm, linealización de Taylor con conglomerado último.","logit-t, reproducido desde el microdato (desviacion maxima 0.049 pp en 30 celdas)","Población estimada del universo analítico: personas de 18 a 65 años en el ámbito, suma de ponderadores del microdato de la propia edición."
alcohol-ever:2016-2017:3:18-65:total,2016-2017,alc_alguna_vez,Consumo alguna vez en la vida,region,3,Norcentral,total,18-65,74.6,72.3,76.8,3732738,Población estimada de la categoría: consumió alcohol alguna vez,5001889.4,1.1468,1.537,Sin advertencia de precisión en el cuadro; CV numérico no publicado.,2.9,57,Norcentral,https://encuestas.insp.mx/repositorio/encuestas/ENCODAT2025/doctos/informes/251223_ENCODAT_completo.pdf#page=57,verified_source_and_weighted_point_estimate,"[1.1082, 1.176]",No disponible,reconstructed_from_published_ci,"El archivo individual 2016-2017 solo trae el ponderador ponde_ss: sin estrato ni UPM no existe varianza por diseño para esta edición. El SE se reconstruye invirtiendo el IC publicado bajo el método logit-t identificado, con banda que propaga el redondeo y los grados de libertad.",logit-t publicado; SE reconstruido por inversión,"Población estimada del universo analítico: personas de 18 a 65 años en el ámbito, suma de ponderadores del microdato de la propia edición."
alcohol-ever:2025:3:18-65:total,2025,alc_alguna_vez,Consumo alguna vez en la vida,region,3,Norcentral,total,18-65,79.8,77.0,82.4,4720405,Población estimada de la categoría: consumió alcohol alguna vez,5913461.5,1.3567,1.7,Sin advertencia de precisión en el cuadro; CV numérico no publicado.,2.9,57,Norcentral,https://encuestas.insp.mx/repositorio/encuestas/ENCODAT2025/doctos/informes/251223_ENCODAT_completo.pdf#page=57,verified_source_and_weighted_point_estimate,No disponible,706,design,"Varianza por diseño calculada sobre el microdato 2025: ponderador ponde_f, estrato de varianza est_sel, UPM mi_upm, linealización de Taylor con conglomerado último.","logit-t, reproducido desde el microdato (desviacion maxima 0.049 pp en 30 celdas)","Población estimada del universo analítico: personas de 18 a 65 años en el ámbito, suma de ponderadores del microdato de la propia edición."
alcohol-ever:2016-2017:4:18-65:total,2016-2017,alc_alguna_vez,Consumo alguna vez en la vida,region,4,Nororiental,total,18-65,70.5,67.6,73.3,2561909,Población estimada de la categoría: consumió alcohol alguna vez,3632577.0,1.4536,2.062,Sin advertencia de precisión en el cuadro; CV numérico no publicado.,2.9,57,Nororiental,https://encuestas.insp.mx/repositorio/encuestas/ENCODAT2025/doctos/informes/251223_ENCODAT_completo.pdf#page=57,verified_source_and_weighted_point_estimate,"[1.4117, 1.4832]",No disponible,reconstructed_from_published_ci,"El archivo individual 2016-2017 solo trae el ponderador ponde_ss: sin estrato ni UPM no existe varianza por diseño para esta edición. El SE se reconstruye invirtiendo el IC publicado bajo el método logit-t identificado, con banda que propaga el redondeo y los grados de libertad.",logit-t publicado; SE reconstruido por inversión,"Población estimada del universo analítico: personas de 18 a 65 años en el ámbito, suma de ponderadores del microdato de la propia edición."
alcohol-ever:2025:4:18-65:total,2025,alc_alguna_vez,Consumo alguna vez en la vida,region,4,Nororiental,total,18-65,77.3,74.6,79.8,3160648,Población estimada de la categoría: consumió alcohol alguna vez,4086967.5,1.3334,1.724,Sin advertencia de precisión en el cuadro; CV numérico no publicado.,2.9,57,Nororiental,https://encuestas.insp.mx/repositorio/encuestas/ENCODAT2025/doctos/informes/251223_ENCODAT_completo.pdf#page=57,verified_source_and_weighted_point_estimate,No disponible,706,design,"Varianza por diseño calculada sobre el microdato 2025: ponderador ponde_f, estrato de varianza est_sel, UPM mi_upm, linealización de Taylor con conglomerado último.","logit-t, reproducido desde el microdato (desviacion maxima 0.049 pp en 30 celdas)","Población estimada del universo analítico: personas de 18 a 65 años en el ámbito, suma de ponderadores del microdato de la propia edición."
alcohol-ever:2016-2017:5:18-65:total,2016-2017,alc_alguna_vez,Consumo alguna vez en la vida,region,5,Occidental,total,18-65,83.1,81.4,84.8,6210951,Población estimada de la categoría: consumió alcohol alguna vez,7470389.7,0.8683,1.045,Sin advertencia de precisión en el cuadro; CV numérico no publicado.,2.9,57,Occidental,https://encuestas.insp.mx/repositorio/encuestas/ENCODAT2025/doctos/informes/251223_ENCODAT_completo.pdf#page=57,verified_source_and_weighted_point_estimate,"[0.8319, 0.8977]",No disponible,reconstructed_from_published_ci,"El archivo individual 2016-2017 solo trae el ponderador ponde_ss: sin estrato ni UPM no existe varianza por diseño para esta edición. El SE se reconstruye invirtiendo el IC publicado bajo el método logit-t identificado, con banda que propaga el redondeo y los grados de libertad.",logit-t publicado; SE reconstruido por inversión,"Población estimada del universo analítico: personas de 18 a 65 años en el ámbito, suma de ponderadores del microdato de la propia edición."
alcohol-ever:2025:5:18-65:total,2025,alc_alguna_vez,Consumo alguna vez en la vida,region,5,Occidental,total,18-65,78.0,75.2,80.5,6627454,Población estimada de la categoría: consumió alcohol alguna vez,8498790.7,1.3443,1.724,Sin advertencia de precisión en el cuadro; CV numérico no publicado.,2.9,57,Occidental,https://encuestas.insp.mx/repositorio/encuestas/ENCODAT2025/doctos/informes/251223_ENCODAT_completo.pdf#page=57,verified_source_and_weighted_point_estimate,No disponible,706,design,"Varianza por diseño calculada sobre el microdato 2025: ponderador ponde_f, estrato de varianza est_sel, UPM mi_upm, linealización de Taylor con conglomerado último.","logit-t, reproducido desde el microdato (desviacion maxima 0.049 pp en 30 celdas)","Población estimada del universo analítico: personas de 18 a 65 años en el ámbito, suma de ponderadores del microdato de la propia edición."
alcohol-ever:2016-2017:6:18-65:total,2016-2017,alc_alguna_vez,Consumo alguna vez en la vida,region,6,Ciudad de México,total,18-65,80.9,77.4,83.9,4725360,Población estimada de la categoría: consumió alcohol alguna vez,5843556.4,1.6518,2.042,Sin advertencia de precisión en el cuadro; CV numérico no publicado.,2.9,57,Cd. de México,https://encuestas.insp.mx/repositorio/encuestas/ENCODAT2025/doctos/informes/251223_ENCODAT_completo.pdf#page=57,verified_source_and_weighted_point_estimate,"[1.6059, 1.6839]",No disponible,reconstructed_from_published_ci,"El archivo individual 2016-2017 solo trae el ponderador ponde_ss: sin estrato ni UPM no existe varianza por diseño para esta edición. El SE se reconstruye invirtiendo el IC publicado bajo el método logit-t identificado, con banda que propaga el redondeo y los grados de libertad.",logit-t publicado; SE reconstruido por inversión,"Población estimada del universo analítico: personas de 18 a 65 años en el ámbito, suma de ponderadores del microdato de la propia edición."
alcohol-ever:2025:6:18-65:total,2025,alc_alguna_vez,Consumo alguna vez en la vida,region,6,Ciudad de México,total,18-65,85.6,83.4,87.6,5584434,Población estimada de la categoría: consumió alcohol alguna vez,6524192.0,1.0745,1.255,Sin advertencia de precisión en el cuadro; CV numérico no publicado.,2.9,57,Cd. de México,https://encuestas.insp.mx/repositorio/encuestas/ENCODAT2025/doctos/informes/251223_ENCODAT_completo.pdf#page=57,verified_source_and_weighted_point_estimate,No disponible,706,design,"Varianza por diseño calculada sobre el microdato 2025: ponderador ponde_f, estrato de varianza est_sel, UPM mi_upm, linealización de Taylor con conglomerado último.","logit-t, reproducido desde el microdato (desviacion maxima 0.049 pp en 30 celdas)","Población estimada del universo analítico: personas de 18 a 65 años en el ámbito, suma de ponderadores del microdato de la propia edición."
alcohol-ever:2016-2017:7:18-65:total,2016-2017,alc_alguna_vez,Consumo alguna vez en la vida,region,7,Centro,total,18-65,78.7,76.7,80.5,16993819,Población estimada de la categoría: consumió alcohol alguna vez,21597441.6,0.9665,1.228,Sin advertencia de precisión en el cuadro; CV numérico no publicado.,2.9,57,Centro,https://encuestas.insp.mx/repositorio/encuestas/ENCODAT2025/doctos/informes/251223_ENCODAT_completo.pdf#page=57,verified_source_and_weighted_point_estimate,"[0.9296, 0.9954]",No disponible,reconstructed_from_published_ci,"El archivo individual 2016-2017 solo trae el ponderador ponde_ss: sin estrato ni UPM no existe varianza por diseño para esta edición. El SE se reconstruye invirtiendo el IC publicado bajo el método logit-t identificado, con banda que propaga el redondeo y los grados de libertad.",logit-t publicado; SE reconstruido por inversión,"Población estimada del universo analítico: personas de 18 a 65 años en el ámbito, suma de ponderadores del microdato de la propia edición."
alcohol-ever:2025:7:18-65:total,2025,alc_alguna_vez,Consumo alguna vez en la vida,region,7,Centro,total,18-65,85.6,83.4,87.7,21422748,Población estimada de la categoría: consumió alcohol alguna vez,25012529.8,1.0927,1.276,Sin advertencia de precisión en el cuadro; CV numérico no publicado.,2.9,57,Centro,https://encuestas.insp.mx/repositorio/encuestas/ENCODAT2025/doctos/informes/251223_ENCODAT_completo.pdf#page=57,verified_source_and_weighted_point_estimate,No disponible,706,design,"Varianza por diseño calculada sobre el microdato 2025: ponderador ponde_f, estrato de varianza est_sel, UPM mi_upm, linealización de Taylor con conglomerado último.","logit-t, reproducido desde el microdato (desviacion maxima 0.049 pp en 30 celdas)","Población estimada del universo analítico: personas de 18 a 65 años en el ámbito, suma de ponderadores del microdato de la propia edición."
alcohol-ever:2016-2017:8:18-65:total,2016-2017,alc_alguna_vez,Consumo alguna vez en la vida,region,8,Centro Sur,total,18-65,77.0,75.2,78.8,8778831,Población estimada de la categoría: consumió alcohol alguna vez,11397212.8,0.9183,1.193,Sin advertencia de precisión en el cuadro; CV numérico no publicado.,2.9,57,Centro Sur,https://encuestas.insp.mx/repositorio/encuestas/ENCODAT2025/doctos/informes/251223_ENCODAT_completo.pdf#page=57,verified_source_and_weighted_point_estimate,"[0.8821, 0.947]",No disponible,reconstructed_from_published_ci,"El archivo individual 2016-2017 solo trae el ponderador ponde_ss: sin estrato ni UPM no existe varianza por diseño para esta edición. El SE se reconstruye invirtiendo el IC publicado bajo el método logit-t identificado, con banda que propaga el redondeo y los grados de libertad.",logit-t publicado; SE reconstruido por inversión,"Población estimada del universo analítico: personas de 18 a 65 años en el ámbito, suma de ponderadores del microdato de la propia edición."
alcohol-ever:2025:8:18-65:total,2025,alc_alguna_vez,Consumo alguna vez en la vida,region,8,Centro Sur,total,18-65,75.0,72.1,77.8,9491883,Población estimada de la categoría: consumió alcohol alguna vez,12653565.6,1.4513,1.935,Sin advertencia de precisión en el cuadro; CV numérico no publicado.,2.9,57,Centro Sur,https://encuestas.insp.mx/repositorio/encuestas/ENCODAT2025/doctos/informes/251223_ENCODAT_completo.pdf#page=57,verified_source_and_weighted_point_estimate,No disponible,706,design,"Varianza por diseño calculada sobre el microdato 2025: ponderador ponde_f, estrato de varianza est_sel, UPM mi_upm, linealización de Taylor con conglomerado último.","logit-t, reproducido desde el microdato (desviacion maxima 0.049 pp en 30 celdas)","Población estimada del universo analítico: personas de 18 a 65 años en el ámbito, suma de ponderadores del microdato de la propia edición."
alcohol-ever:2016-2017:9:18-65:total,2016-2017,alc_alguna_vez,Consumo alguna vez en la vida,region,9,Sur,total,18-65,72.3,70.5,74.1,4948711,Población estimada de la categoría: consumió alcohol alguna vez,6842677.8,0.9178,1.269,Sin advertencia de precisión en el cuadro; CV numérico no publicado.,2.9,57,Sur,https://encuestas.insp.mx/repositorio/encuestas/ENCODAT2025/doctos/informes/251223_ENCODAT_completo.pdf#page=57,verified_source_and_weighted_point_estimate,"[0.882, 0.946]",No disponible,reconstructed_from_published_ci,"El archivo individual 2016-2017 solo trae el ponderador ponde_ss: sin estrato ni UPM no existe varianza por diseño para esta edición. El SE se reconstruye invirtiendo el IC publicado bajo el método logit-t identificado, con banda que propaga el redondeo y los grados de libertad.",logit-t publicado; SE reconstruido por inversión,"Población estimada del universo analítico: personas de 18 a 65 años en el ámbito, suma de ponderadores del microdato de la propia edición."
alcohol-ever:2025:9:18-65:total,2025,alc_alguna_vez,Consumo alguna vez en la vida,region,9,Sur,total,18-65,69.3,65.7,72.7,5580862,Población estimada de la categoría: consumió alcohol alguna vez,8048115.6,1.7936,2.587,Sin advertencia de precisión en el cuadro; CV numérico no publicado.,2.9,57,Sur,https://encuestas.insp.mx/repositorio/encuestas/ENCODAT2025/doctos/informes/251223_ENCODAT_completo.pdf#page=57,verified_source_and_weighted_point_estimate,No disponible,706,design,"Varianza por diseño calculada sobre el microdato 2025: ponderador ponde_f, estrato de varianza est_sel, UPM mi_upm, linealización de Taylor con conglomerado último.","logit-t, reproducido desde el microdato (desviacion maxima 0.049 pp en 30 celdas)","Población estimada del universo analítico: personas de 18 a 65 años en el ámbito, suma de ponderadores del microdato de la propia edición."
